url,title,author,license,date
https://www.flickr.com/photos/easy_rhino/6121070120/,Eye,Stu,CC BY-SA 2.0,
https://www.flickr.com/photos/troismarteaux/286602501/,eye,John Patrick Robichaud ,CC BY 2.0,
https://www.flickr.com/photos/randychiu/4302633525/,eye,randychiu,CC BY 2.0,
https://www.flickr.com/photos/wetwebwork/131052174/,Eye,wetwebwork,CC BY-SA 2.0,
https://www.flickr.com/photos/bigbadvoo/94345219/,Eye,Hunter Peddicord,CC BY 2.0,
https://www.flickr.com/photos/croweb/2876965326/,Eye,Ben Crowe,CC BY 2.0,
https://www.flickr.com/photos/hayliejaed/3371865346/,Eye,Haylie Jaed,CC BY 2.0,
https://www.flickr.com/photos/jbhill/2748260754/,Eye,J.B. Hill,CC BY 2.0,
https://www.flickr.com/photos/studiobeeldruis/2927314958/,eye,Arnoooo,CC BY-SA 2.0,
https://www.flickr.com/photos/matteomartinello/5985141545/,eye,Matteo Martinello,CC BY 2.0,
https://www.flickr.com/photos/neurotic_camel/961366107/,My eye,Elaine,CC BY 2.0,
https://www.flickr.com/photos/mustetahra/2990102416/,My eye,Ida,CC BY 2.0,
https://www.flickr.com/photos/emil_kabanov/6862586191/,Human eye,Emil .,CC BY-SA 2.0,
https://www.flickr.com/photos/mscaprikell/433609/,EYE SEA…,Kelly Cookson,CC BY-SA 2.0,
https://www.flickr.com/photos/evert-jan/121999492/,eye ai,Everjean,CC BY 2.0,
https://www.flickr.com/photos/ricardokba/407916971/,Green Eye,ricardokba,CC BY 2.0,
https://www.flickr.com/photos/114894128@N08/29052921385/,Wide awake.,Athanasia Stfn,CC BY-SA 2.0,
https://www.flickr.com/photos/92733600@N02/8429976452/,DAS EYE,Gustav Winther,CC BY-SA 2.0,
https://www.flickr.com/photos/11045073@N05/5566810537/,Cross-processed Eye.,Brett,CC BY 2.0,
https://www.flickr.com/photos/mike-burns/1155970175/,Sarah Stambaugh – eye,Mike Burns,CC BY-SA 2.0,
https://www.flickr.com/photos/joerg73/434045390/,my right eye,Jörg Weingrill,CC BY 2.0,
https://www.flickr.com/photos/teffcz/16681453346/,epic blue eye,Tomas Effenberger,CC BY-SA 2.0,
https://www.flickr.com/photos/orangeacid/249341740/,Amy´s eye,Dan Foy,CC BY 2.0,
https://www.flickr.com/photos/pandora_6666/1785281942/,my eye.jpg,Jo Naylor,CC BY 2.0,
https://www.flickr.com/photos/nathanmac87/5268101782/,Eye,nathanmac87,CC BY 2.0,
https://www.flickr.com/photos/milesgehm/16986357/,20050600 csp eye 2,Miles Gehm,CC BY 2.0,
https://www.flickr.com/photos/milesgehm/16986514/,20050600 csp eye 4 Rhy,Miles Gehm,CC BY 2.0,
https://www.flickr.com/photos/mjanicki/3511636204/,Closeup of my ese,Matt Janicki,CC BY 2.0,
https://www.flickr.com/photos/mjross/19500208/,Look Into My Eye,Marion J. Ross,CC BY 2.0,
https://www.flickr.com/photos/iwannabeyou/4558839145/,eye,Renam Lima,CC BY 2.0,
https://www.flickr.com/photos/childan/4459657647/,Nathan F – Eye – Macro,Nathan.F,CC BY 2.0,
https://www.flickr.com/photos/84953892@N06/8554433127/,Auge – Günther Haslbeck,aufgehts2013,CC BY 2.0,
https://www.flickr.com/photos/leehaywood/4330638010/,My eye in poor light,Lee Haywood,CC BY-SA 2.0,
https://www.flickr.com/photos/photoskate/5265729534/,Dillan´s eye,photoskate,CC BY 2.0,
https://www.flickr.com/photos/daytona_k/488058845/,i,Gabi Spine,CC BY-SA 2.0,
https://www.flickr.com/photos/letoloke/3271849381/,Evelyn´s Eye,Ricardo Molina Pena,CC BY-SA 2.0,
https://www.flickr.com/photos/emrank/3753118829/,sleepy eye,Emran Kassim,CC BY 2.0,
https://www.flickr.com/photos/diamondace/5046640911/,I have my eye on You,brianfagan,CC BY 2.0,
https://www.flickr.com/photos/e_schaaf/7029757179/,Eye,Evan Schaaf,CC BY-SA 2.0,
https://www.flickr.com/photos/msvg/5197694152/,Tired Hazel Eye,Michael,CC BY 2.0,
https://www.flickr.com/photos/msvg/4834950010/,Eye C U,Michael,CC BY 2.0,
https://www.flickr.com/photos/inrime_nasrul/68543617/,Flashed Out,nasrul ekram,CC BY 2.0,
https://www.flickr.com/photos/javmorcas/10656167224/,Eye,Javier Morales,CC BY 2.0,
https://www.flickr.com/photos/diongillard/247444709/,MP1,dion gillard,CC BY 2.0,
https://www.flickr.com/photos/thematthewknot/5542256302/,eye,thematthewknot,CC BY 2.0,
https://www.flickr.com/photos/geoglauco/1394676390/,Olho do meu amor - Eye of my love,Glauco Umbelino,CC BY 2.0,
https://www.flickr.com/photos/bradmontgomery/4102279964/,Eat your heart out eye of newt!,Brad Montgomery,CC BY 2.0,
https://www.flickr.com/photos/paulscott56/4868423956/,eye,Paul Scott,CC BY-SA 2.0,
https://www.flickr.com/photos/78428166@N00/6897471816/,Eye Exams,Tony Alter,CC BY 2.0,
https://www.flickr.com/photos/dmatos/3339432415/,SD800-09954,Dave Matos,CC BY-SA 2.0,
https://www.flickr.com/photos/stee/6602497921/,Auge in Auge,Stefan Maurer,CC BY-SA 2.0,
https://www.flickr.com/photos/monkeyface/1231801273/,eye,monkey_face,CC BY 2.0,
https://www.flickr.com/photos/kelvynskee/4996133275/,DSCF0005,Kelvyn Skee,CC BY 2.0,
https://www.flickr.com/photos/pahudson/7427481092/,139/366 – Bloodshot,Paul Hudson,CC BY 2.0,
https://www.flickr.com/photos/chris-short/2354637966/,IMG_1349,Chris Short,CC BY-SA 2.0,
https://www.flickr.com/photos/stee/6602500569/,Auge in Auge,Stefan Maurer,CC BY-SA 2.0,
https://www.flickr.com/photos/_thor_/2368644521/,eye,“thöR,CC BY 2.0,
https://www.flickr.com/photos/stee/6602499863/,Auge in Auge,Stefan Maurer,CC BY-SA 2.0,
https://www.flickr.com/photos/fifikins/5372033117/,20/01/11 20/365,Fiona Henderson,CC BY 2.0,
https://www.flickr.com/photos/diongillard/247445490/,MP2,dion gillard,CC BY 2.0,
https://www.flickr.com/photos/elpadawan/8442900102/,5/52: Weekly Photo Challenge: Unique,elPadawan,CC BY-SA 2.0,
https://www.flickr.com/photos/littledebbie11/2997474621/,Too much compy,Deborah Austin,CC BY 2.0,
https://www.flickr.com/photos/chlononymous/16279841920/,ineffable,chlononymous,CC BY 2.0,
https://www.flickr.com/photos/louisrabin/8448946240/,,Louis Rabin,CC BY 2.0,
https://www.flickr.com/photos/diongillard/247447638/,GB2,dion gillard,CC BY 2.0,
https://www.flickr.com/photos/mrzeon/5068696344/,Eye,Daniel Dionne,CC BY-SA 2.0,
https://www.flickr.com/photos/topgold/3837759678/,Green Eyes,Bernard Goldbach,CC BY 2.0,
https://www.flickr.com/photos/emiliokuffer/5841242893/,Ariel S.,Emilio Küffer,CC BY-SA 2.0,
https://www.flickr.com/photos/cryoborg/196454877/,P7220008,Chris,CC BY-SA 2.0,
https://www.flickr.com/photos/cryoborg/196453918/,P7220010,Chris,CC BY-SA 2.0,
https://www.flickr.com/photos/emiliokuffer/5841235191/,Diana S. V.,Emilio Küffer,CC BY-SA 2.0,
https://www.flickr.com/photos/axelnaud/14281313217/,Eye,Axel Naud,CC BY 2.0,
https://www.flickr.com/photos/emiliokuffer/6086421893/,Belen B. - Ojo derecho,Emilio Küffer,CC BY-SA 2.0,
https://www.flickr.com/photos/axelnaud/14467795935/,Eye,Axel Naud,CC BY 2.0,
https://www.flickr.com/photos/emiliokuffer/6297511155/,,Emilio Küffer,CC BY-SA 2.0,
https://www.flickr.com/photos/conchur/130717240/,Amie (1),Conor Lawless,CC BY 2.0,
https://www.flickr.com/photos/azerpouak/2483563606/,Oeil,Remi,CC BY 2.0,
https://www.flickr.com/photos/belkut/4845212997/,Day One hundred and ninety: Freckles,Mark Ou,CC BY-SA 2.0,
https://www.flickr.com/photos/foolonhill/442361094/,¡ojo!,Ricardo Sanchez,CC BY 2.0,
https://www.flickr.com/photos/haprog/4002883648/,IMG_1770s,Kari Söderholm,CC BY-SA 2.0,
https://www.flickr.com/photos/tyger_lyllie/63094598/,Window to the Soul,Kat,CC BY 2.0,
https://www.flickr.com/photos/eieka/1551535953/,oye,Eieka Wines,CC BY 2.0,
https://www.flickr.com/photos/emiliokuffer/6298042814/,,Emilio Küffer,CC BY-SA 2.0,
https://www.flickr.com/photos/osseous/25701083533/,"February 5, 2016",osseous,CC BY 2.0,
https://www.flickr.com/photos/kamiller/2211275156/,beholder,kassy.miller,CC BY 2.0,
https://www.flickr.com/photos/diongillard/247446975/,GB1,dion gillard,CC BY 2.0,
https://www.flickr.com/photos/mindfrieze/3119916592/,Ready For My Close-up,David B. Gleason,CC BY-SA 2.0,
https://www.flickr.com/photos/88531234@N00/1376440815/,Amber,contraption,CC BY 2.0,
https://www.flickr.com/photos/diongillard/247448059/,DG1,dion gillard,CC BY 2.0,
https://www.flickr.com/photos/diongillard/247448554/,DG2,dion gillard,CC BY 2.0,
https://www.flickr.com/photos/diongillard/247446217/,JA1,dion gillard,CC BY 2.0,
https://www.flickr.com/photos/stee/6640129307/,Auge in Auge,Stefan Maurer,CC BY-SA 2.0,
https://www.flickr.com/photos/gaspart/78969882/,Occhio!,Gaspar Torriero,CC BY-SA 2.0,
https://www.flickr.com/photos/theseanster93/2280069495/,Eye1,Sean Winters,CC BY-SA 2.0,
https://www.flickr.com/photos/zimpenfish/394495341/,Wide open!,rjp,CC BY 2.0,
https://www.flickr.com/photos/ruanon/6774283698/,Christian,Patrick McFall,CC BY-SA 2.0,
https://www.flickr.com/photos/emiliokuffer/6086463969/,,Emilio Küffer,CC BY-SA 2.0,
https://www.flickr.com/photos/jorgempf/17269378/,lefteye,Jorge,CC BY-SA 2.0,
https://www.flickr.com/photos/babbagecabbage/3283729333/,_MG_8063,babbagecabbage,CC BY 2.0,
https://www.flickr.com/photos/eneas/4766245349/,Sariojo,Eneas De Troya,CC BY 2.0,
https://www.flickr.com/photos/wstryder/3407127892/,From the corner of my eye,Lauri Rantala,CC BY 2.0,
https://www.flickr.com/photos/binarybana/170299452/,jason_front_clear,Jason Knight,CC BY 2.0,
https://www.flickr.com/photos/superba_/8671979815/,P4190912,Jo Amelia Finlay Bever,CC BY 2.0,
https://www.flickr.com/photos/zanken/7645468776/,120601may0002,Brendan Tonkin,CC BY-SA 2.0,
https://www.flickr.com/photos/maikelnai/7282860402/,Pilar´s,n4i Photo,CC BY 2.0,
https://www.flickr.com/photos/rodriago/3260450985/,Que susto,Santiago Rodriguez,CC BY 2.0,
https://www.flickr.com/photos/emiliokuffer/5793290170/,Look!,Emilio Küffer,CC BY-SA 2.0,
https://www.flickr.com/photos/gabriellejagophotography/15467949392/,Eye2,Gabrielle Jago,CC BY 2.0,
https://www.flickr.com/photos/thematthewknot/4866576233/,two windows and a computer,thematthewknot,CC BY 2.0,
https://www.flickr.com/photos/nathelbiya/28957740/,00015,Nath el Biya,CC BY-SA 2.0,
https://www.flickr.com/photos/mccun934/4566554445/,contact,Mike McCune,CC BY 2.0,
https://www.flickr.com/photos/nathelbiya/21857775/,Schau mir in die Augen!,Nath el Biya,CC BY-SA 2.0,
https://www.flickr.com/photos/dallion/1150993108/,can´t take,Naiane Mello,CC BY 2.0,
https://www.flickr.com/photos/elishka/20717905/,More-of-roozbeh,elishka,CC BY-SA 2.0,
https://www.flickr.com/photos/vita_cubezem/13951638948/,Look at me,vita_CuBeZem,CC BY-SA 2.0,
https://www.flickr.com/photos/duck1123/1072721538/,An Eye is upon you.,Daniel Renfer,CC BY-SA 2.0,
https://www.flickr.com/photos/yopuz/529161292/,Ventana Del Alma,Alejandro Lopez,CC BY-SA 2.0,
https://www.flickr.com/photos/28931095@N03/5345386154/,Beholding Paradise 1,Sam Bald,CC BY 2.0,
https://www.flickr.com/photos/belkut/4673900508/,Day One hundred and forty-one: Myrtle on Celadon,Mark Ou,CC BY-SA 2.0,
https://www.flickr.com/photos/teoruiz/83072978/,Mi ojo,Teo Ruiz,CC BY-SA 2.0,
https://www.flickr.com/photos/dumbledad/3005217918/,Me for today´s self-portrait,Tim Regan,CC BY 2.0,
https://www.flickr.com/photos/littledebbie11/4081285727/,¡jordanadroj!,Deborah Austin,CC BY 2.0,
https://www.flickr.com/photos/25525110@N06/3893667108/,In her eyes,Yves Jusot,CC BY 2.0,
https://www.flickr.com/photos/ragingtornado/3677214494/,,Glenn Tremblett,CC BY 2.0,
https://www.flickr.com/photos/rahego/3863389484/,La mirada de un hijo,Raul Hernandez Gonzalez,CC BY 2.0,
https://www.flickr.com/photos/dionhinchcliffe/4672316169/,DSC01731.JPG,Dion Hinchcliffe,CC BY-SA 2.0,
https://www.flickr.com/photos/brianatwebbmoto/309080926/,eye2.jpg,Brian Black,CC BY-SA 2.0,
https://www.flickr.com/photos/makelessnoise/206991234/,"I, Aye, Eye",Brian,CC BY 2.0,
https://www.flickr.com/photos/brokensoul_/2091884388/,EYE,FLICKR.com/diapositivasmentales,CC BY 2.0,
https://www.flickr.com/photos/22865921@N07/2678629711/,Subjective,Nikki L.,CC BY 2.0,
https://www.flickr.com/photos/robunreall/3969715742/,Blue Eye,Rob,CC BY-SA 2.0,
https://www.flickr.com/photos/hugomex/5496039262/,DSC01901.JPG,Charli Lopez,CC BY 2.0,
https://www.flickr.com/photos/30453163@N03/4387510857/,,Johannakl,CC BY 2.0,
https://www.flickr.com/photos/dragunsk/2535711114/,Macroeil,Dragunsk Usf,CC BY 2.0,
https://www.flickr.com/photos/quinnanya/6951815970/,Blue,Quinn Dombrowski,CC BY-SA 2.0,
https://www.flickr.com/photos/lisap/2852876584/,eye shot,Lisa Padilla,CC BY 2.0,
https://www.flickr.com/photos/oskarssonfotos/2900275176/,auga fyrir auga,óskarsson photography ,CC BY 2.0,
https://www.flickr.com/photos/tomsly/49159777/,Eye spy.,Thomas Sly,CC BY 2.0,
https://www.flickr.com/photos/sleepishly/2245495620/,My Eye,Jessica Diamond,CC BY-SA 2.0,
https://www.flickr.com/photos/diongillard/251226680/,Black Eye 7,dion gillard,CC BY 2.0,
https://www.flickr.com/photos/diongillard/250817780/,Black Eye 4,dion gillard,CC BY 2.0,
https://www.flickr.com/photos/hugomex/5496029108/,DSC01892.JPG,Charli Lopez,CC BY 2.0,
https://www.flickr.com/photos/milesgehm/17175715/,20050602 eye 02,Miles Gehm,CC BY 2.0,
https://www.flickr.com/photos/levesch/18611254195/,Sport ist mord …,strandkorbtraum,CC BY-SA 2.0,
https://www.flickr.com/photos/plasticphotography/4014238260/,blue eyed beauty.,nadia nameless.,CC BY 2.0,
https://www.flickr.com/photos/pbyrne/90203235/,Self: 2006-01-23,Patrick Byrne,CC BY-SA 2.0,
